{
  "model_parameters": 4028959,
  "adapter_parameters": 263168,
  "adapter_efficiency": 6.53191060023197,
  "domains_adapted": 3,
  "final_accuracies": {
    "math": 70.0,
    "text": 10.0,
    "code": 100.0
  },
  "average_accuracy": 60.0,
  "math_degradation": 3.3333333333333286,
  "detailed_results": {
    "math_baseline": 73.33333333333333,
    "text_adaptation": {
      "text_accuracy": 20.0,
      "math_retention": 73.33333333333333
    },
    "code_adaptation": {
      "code_accuracy": 100.0,
      "text_retention": 33.33333333333333,
      "math_retention": 80.0
    }
  }
}